sector,snapshot_count,complete_count,avg_forecast_30d_upside_pct,avg_return_5d_pct,avg_return_10d_pct,avg_return_30d_pct,hit_rate_30d_pct
Unknown,6150,4275,1.1726,0.2023,0.6023,2.6451,48.7
Industrials,5494,3819,0.9584,-0.0108,-0.0693,-0.6759,48.39
Financial Services,4948,3420,1.3841,0.3772,0.7505,2.5491,53.25
Technology,4920,3420,1.8964,0.2351,0.7788,3.3949,47.51
Consumer Cyclical,4660,3224,0.3772,-0.3104,-0.6529,-1.7132,46.43
Healthcare,4346,3021,2.0108,0.8394,1.6029,5.5669,55.31
Consumer Defensive,2788,1938,0.4314,0.2507,0.4071,1.4837,45.25
Real Estate,2334,1593,-0.0449,-0.3948,-0.8546,-1.9571,49.53
Utilities,2296,1596,-0.3609,-0.4878,-1.0434,-3.9884,47.49
Basic Materials,1722,1197,0.1751,-0.3542,-0.4025,0.3379,42.19
Energy,1640,1140,1.885,0.5652,1.2701,7.3823,50.96
Communication Services,1366,928,0.4458,-0.0738,-0.0133,2.7427,45.8
