sector,number_of_companies,avg_forecast_30d_upside_pct,min_forecast_30d_upside_pct,max_forecast_30d_upside_pct,avg_model_mape,avg_annualized_volatility_pct,avg_profit_margin_pct,avg_ebitda_margin_pct,positive_forecast_count,neutral_forecast_count,negative_forecast_count,potential_opportunity_count,stable_watchlist_count,needs_further_review_count,weak_negative_count,high_volatility_speculative_count
Utilities,28,2.8039647762771795,-3.760534814329776,9.24360230082886,0.9867230780764092,20.60654441590077,14.624102154630888,42.45019332822608,19,8,1,4,8,16,0,0
Technology,59,2.7036713623855566,-9.480073523820865,21.428768007803896,2.3677931291775,50.644867464372666,18.22206099835566,31.614270454319207,29,13,17,16,13,16,8,6
Energy,20,2.1566341445200847,-6.178205282885621,18.034703219261683,1.5815791741836678,32.7511879985487,10.691709183353534,33.45670309772514,9,7,4,4,7,7,2,0
Unknown,74,0.7911549065244498,-10.548380916169863,19.88998856626764,2.002643778506916,44.819102745517625,16.420516208181944,42.2592365403671,27,20,27,9,20,28,11,6
Consumer Cyclical,56,-0.32254727017338247,-13.953574489921674,18.896053514086372,1.697948604926866,36.10666797942069,7.287748055684413,17.633179541858908,17,13,26,9,13,22,12,0
Healthcare,53,-0.4267791777960015,-12.443711995821747,5.668576463194964,1.503023854903624,31.96336454826833,12.766073228723771,27.7154206643914,16,18,19,3,18,27,5,0
Communication Services,16,-0.5189139401029439,-8.783794830424991,4.301924556166412,1.6063135510267756,34.22003750372233,9.282211847082172,29.751251549735365,2,11,3,0,11,3,2,0
Financial Services,60,-0.6599166426918041,-11.386718240144932,5.477783671404229,1.2781084697733691,27.558713142005406,21.540313532447193,46.79687976961147,7,37,16,2,37,20,1,0
Consumer Defensive,34,-1.0268812983165418,-10.352935542233594,7.806706040396043,1.4404437501110074,30.134982856864287,5.840853285894915,17.68733452118433,6,16,12,2,16,11,5,0
Industrials,67,-1.4400042108814854,-12.05092523938042,12.368231384832129,1.5141258950677858,32.495794397934674,11.412002918807673,22.11853569599448,9,27,31,3,27,27,10,0
Basic Materials,21,-1.8863290552643743,-12.452310581282818,20.698892803001804,1.6992802006962247,35.15919100720977,3.2569353351607746,24.902750394214053,2,8,11,1,8,7,5,0
Real Estate,27,-3.0887131309167177,-15.652197538498887,1.82286300940464,1.2530178436048076,26.970180247457822,34.23735667468921,62.254691826279256,0,13,14,0,13,9,5,0
